{"version":"1.128.1","results":[],"errors":[],"paths":{"scanned":["frontend/src/App.tsx"]},"time":{"rules":[],"rules_parse_time":0.2900989055633545,"profiling_times":{"config_time":1.6315248012542725,"core_time":0.5063700675964355,"ignores_time":0.0001304149627685547,"total_time":2.138378381729126},"targets":[],"total_bytes":0,"max_memory_bytes":193876416},"skipped_rules":[]}
