{"version":"1.128.1","results":[],"errors":[],"paths":{"scanned":["frontend/src/App.tsx","frontend/src/semgrep-test.tsx"]},"time":{"rules":[],"rules_parse_time":0.29080915451049805,"profiling_times":{"config_time":1.7238342761993408,"core_time":0.5954852104187012,"ignores_time":0.0001430511474609375,"total_time":2.3198201656341553},"parsing_time":{"total_time":0.008246898651123047,"per_file_time":{"mean":0.008246898651123047,"std_dev":0.0},"very_slow_files":[]},"targets":[],"total_bytes":0,"max_memory_bytes":193876416},"skipped_rules":[]}
