{"version":"1.128.1","results":[],"errors":[],"paths":{"scanned":["frontend/src/App.tsx"]},"time":{"rules":[],"rules_parse_time":0.28969693183898926,"profiling_times":{"config_time":1.599710464477539,"core_time":0.5001821517944336,"ignores_time":0.00013303756713867188,"total_time":2.100374698638916},"targets":[],"total_bytes":0,"max_memory_bytes":193876416},"skipped_rules":[]}
