{"version":"1.128.1","results":[],"errors":[],"paths":{"scanned":["frontend/src/App.tsx","frontend/src/semgrep-test.tsx"]},"time":{"rules":[],"rules_parse_time":0.28864002227783203,"profiling_times":{"config_time":1.4202005863189697,"core_time":0.5915534496307373,"ignores_time":0.00013113021850585938,"total_time":2.01227068901062},"parsing_time":{"total_time":0.00838017463684082,"per_file_time":{"mean":0.00838017463684082,"std_dev":0.0},"very_slow_files":[]},"targets":[],"total_bytes":0,"max_memory_bytes":193876416},"skipped_rules":[]}
